mean_fit_time,std_fit_time,mean_score_time,std_score_time,param_model__colsample_bytree,param_model__learning_rate,param_model__max_depth,param_model__min_child_weight,param_model__subsample,params,split0_test_score,split1_test_score,split2_test_score,split3_test_score,split4_test_score,mean_test_score,std_test_score,rank_test_score
14.661747646331786,0.5100484279123155,0.27657303810119627,0.04596909755653066,0.31248371290835353,0.08627132451918355,5,2,0.962453092208406,"{'model__colsample_bytree': np.float64(0.31248371290835353), 'model__learning_rate': np.float64(0.08627132451918355), 'model__max_depth': 5, 'model__min_child_weight': 2, 'model__subsample': np.float64(0.962453092208406)}",0.8733703614378779,0.8448724759201534,0.8385947515561345,0.8461656196375175,0.8943483020857552,0.8594703021274878,0.02114514718660931,1
51.40159454345703,0.8377399296416781,1.0356159687042237,0.87271704248828,0.9245601665446017,0.08982913192290203,6,1,0.8213685557512812,"{'model__colsample_bytree': np.float64(0.9245601665446017), 'model__learning_rate': np.float64(0.08982913192290203), 'model__max_depth': 6, 'model__min_child_weight': 1, 'model__subsample': np.float64(0.8213685557512812)}",0.8620118145617148,0.8468621281670569,0.8363062131500781,0.8454403722024812,0.9022113894431857,0.8585663835049033,0.023330471441745885,2
15.142711782455445,2.3266613165264847,0.4048123836517334,0.05608477465301063,0.3618042392459826,0.13199849257295307,8,2,0.8880358368794847,"{'model__colsample_bytree': np.float64(0.3618042392459826), 'model__learning_rate': np.float64(0.13199849257295307), 'model__max_depth': 8, 'model__min_child_weight': 2, 'model__subsample': np.float64(0.8880358368794847)}",0.8601593597831596,0.8328959793197693,0.8454453373751751,0.8419923327340064,0.8970594546650054,0.8555104927754232,0.022553901753488335,3
48.328528881073,0.3097627755727183,0.4609647750854492,0.01410764057014479,0.9583732994194258,0.059617825166211336,8,3,0.8589376540630865,"{'model__colsample_bytree': np.float64(0.9583732994194258), 'model__learning_rate': np.float64(0.059617825166211336), 'model__max_depth': 8, 'model__min_child_weight': 3, 'model__subsample': np.float64(0.8589376540630865)}",0.8786906347514635,0.8405132159969828,0.8257434856635026,0.8325641215363185,0.8989819503413891,0.8552986816579311,0.02851101983936939,4
20.547796773910523,1.6089398245876667,0.582408857345581,0.10889027706883392,0.7666847240100723,0.10026178084329287,9,3,0.9369813938035444,"{'model__colsample_bytree': np.float64(0.7666847240100723), 'model__learning_rate': np.float64(0.10026178084329287), 'model__max_depth': 9, 'model__min_child_weight': 3, 'model__subsample': np.float64(0.9369813938035444)}",0.8725864736198435,0.8349505359725234,0.8383375926691319,0.8280512000624504,0.9020445627474799,0.8551940730142858,0.02802906085023748,5
34.95961675643921,0.3809771119330077,0.49334282875061036,0.02269776877680501,0.6760360668320757,0.10390536006417851,7,1,0.8429104053599803,"{'model__colsample_bytree': np.float64(0.6760360668320757), 'model__learning_rate': np.float64(0.10390536006417851), 'model__max_depth': 7, 'model__min_child_weight': 1, 'model__subsample': np.float64(0.8429104053599803)}",0.8559174971990003,0.8390710892423782,0.8343500622966288,0.8490196624145249,0.893565749609044,0.8543848121523153,0.020986572499060416,6
34.79868350028992,1.9211862521350842,1.5037725925445558,0.9154399219733221,0.5939114325127409,0.0923422654842811,6,3,0.9436928756680115,"{'model__colsample_bytree': np.float64(0.5939114325127409), 'model__learning_rate': np.float64(0.0923422654842811), 'model__max_depth': 6, 'model__min_child_weight': 3, 'model__subsample': np.float64(0.9436928756680115)}",0.8689024345035137,0.8326524932395056,0.8333320417036689,0.8309757625344747,0.898488371913645,0.8528702207789616,0.026862285234558837,7
16.900251865386963,0.24147641486378157,0.7254351615905762,0.4397467455411688,0.3622434726071305,0.19343043417048955,9,8,0.9947747490076042,"{'model__colsample_bytree': np.float64(0.3622434726071305), 'model__learning_rate': np.float64(0.19343043417048955), 'model__max_depth': 9, 'model__min_child_weight': 8, 'model__subsample': np.float64(0.9947747490076042)}",0.869464943906304,0.826352586399227,0.8377275195297356,0.8352582899849647,0.8906995994981927,0.8519005878636848,0.024266900216209544,8
15.504464864730835,0.6952972781377059,0.3088355541229248,0.02507222123939106,0.351048681660052,0.25723808411108967,5,8,0.9604638737469583,"{'model__colsample_bytree': np.float64(0.351048681660052), 'model__learning_rate': np.float64(0.25723808411108967), 'model__max_depth': 5, 'model__min_child_weight': 8, 'model__subsample': np.float64(0.9604638737469583)}",0.8768168172412913,0.8322176374815314,0.8444630482998103,0.8219867580496473,0.8822642318887877,0.8515496985922137,0.023998860360984687,9
37.92785148620605,0.4548100359528518,0.6148123741149902,0.129420415790512,0.6021312869570514,0.10767317699824361,6,8,0.8523466821231327,"{'model__colsample_bytree': np.float64(0.6021312869570514), 'model__learning_rate': np.float64(0.10767317699824361), 'model__max_depth': 6, 'model__min_child_weight': 8, 'model__subsample': np.float64(0.8523466821231327)}",0.8717664533986693,0.8123863123233851,0.8332957928409751,0.8412397636842373,0.8945242087446043,0.8506425061983742,0.02906778754762168,10
25.319344758987427,1.0388734035751748,0.5812214851379395,0.2824500858372278,0.9729426512169432,0.07798327283767867,6,7,0.8568281761576584,"{'model__colsample_bytree': np.float64(0.9729426512169432), 'model__learning_rate': np.float64(0.07798327283767867), 'model__max_depth': 6, 'model__min_child_weight': 7, 'model__subsample': np.float64(0.8568281761576584)}",0.8695493428930514,0.8235290569437227,0.8305444728180303,0.8384679522368823,0.8903647670218396,0.8504911183827053,0.025387011355321842,11
19.668214654922487,0.3083838465485076,0.47721042633056643,0.08697054477623437,0.6641731125676058,0.0555955721381479,7,5,0.903447799032166,"{'model__colsample_bytree': np.float64(0.6641731125676058), 'model__learning_rate': np.float64(0.0555955721381479), 'model__max_depth': 7, 'model__min_child_weight': 5, 'model__subsample': np.float64(0.903447799032166)}",0.8777778198373667,0.8098554360351492,0.8202629969637103,0.8418853078895042,0.9021170146553369,0.8503797150762133,0.034781584688920446,12
31.00880446434021,0.3464895298829292,0.46197071075439455,0.023623306221337653,0.7612031925546898,0.0696330305164304,7,3,0.8957788054153121,"{'model__colsample_bytree': np.float64(0.7612031925546898), 'model__learning_rate': np.float64(0.0696330305164304), 'model__max_depth': 7, 'model__min_child_weight': 3, 'model__subsample': np.float64(0.8957788054153121)}",0.8669935405343394,0.836528493376127,0.8291610964265045,0.820894695020284,0.897120920643635,0.8501397492001781,0.028184833169014902,13
21.938454723358156,3.061599383806756,0.4023262977600098,0.08368184754228765,0.7159325939928509,0.19229987208816962,4,7,0.9675443898839904,"{'model__colsample_bytree': np.float64(0.7159325939928509), 'model__learning_rate': np.float64(0.19229987208816962), 'model__max_depth': 4, 'model__min_child_weight': 7, 'model__subsample': np.float64(0.9675443898839904)}",0.8726034726142307,0.8113991694208826,0.8373669622779617,0.8254730015860234,0.9036694951677621,0.850102420213372,0.0335930666982565,14
11.520824241638184,1.9433833494933874,0.30625057220458984,0.03382798696791835,0.825197379068509,0.10684197231149854,5,7,0.8694485006836761,"{'model__colsample_bytree': np.float64(0.825197379068509), 'model__learning_rate': np.float64(0.10684197231149854), 'model__max_depth': 5, 'model__min_child_weight': 7, 'model__subsample': np.float64(0.8694485006836761)}",0.8747747510240992,0.806956569043249,0.8269146578365824,0.8417450466882506,0.8999681137183034,0.8500718276620969,0.03335982345971279,15
48.075754451751706,1.3772657956858914,1.6641070365905761,1.3230430203647716,0.34607048541918395,0.14977451307904022,7,2,0.8582276606502638,"{'model__colsample_bytree': np.float64(0.34607048541918395), 'model__learning_rate': np.float64(0.14977451307904022), 'model__max_depth': 7, 'model__min_child_weight': 2, 'model__subsample': np.float64(0.8582276606502638)}",0.865247298644015,0.8326366142638509,0.8194350840158156,0.8337295261573482,0.8982145437666615,0.8498526133695382,0.028486640043641098,16
15.187767028808594,0.9371824129812095,0.3847086429595947,0.051376392072270384,0.613132773229192,0.1637811256008749,8,3,0.9405641764527777,"{'model__colsample_bytree': np.float64(0.613132773229192), 'model__learning_rate': np.float64(0.1637811256008749), 'model__max_depth': 8, 'model__min_child_weight': 3, 'model__subsample': np.float64(0.9405641764527777)}",0.864509431877417,0.8420024548535494,0.8340101820890738,0.8232692398603769,0.8849205498719555,0.8497423717104745,0.02219822109054447,17
32.11052551269531,1.1299818683940899,1.036125373840332,0.6234551272194044,0.7170063938105582,0.2902733454630889,9,9,0.9565105753771423,"{'model__colsample_bytree': np.float64(0.7170063938105582), 'model__learning_rate': np.float64(0.2902733454630889), 'model__max_depth': 9, 'model__min_child_weight': 9, 'model__subsample': np.float64(0.9565105753771423)}",0.8562098775281421,0.8300662175742877,0.8508780066964224,0.8303414565982988,0.8798336929698465,0.8494658502733994,0.018502811363209776,18
13.704615545272826,0.9111961002815916,0.2868907928466797,0.048660858565780236,0.6838852623905313,0.11164313533927413,8,3,0.9472353513330575,"{'model__colsample_bytree': np.float64(0.6838852623905313), 'model__learning_rate': np.float64(0.11164313533927413), 'model__max_depth': 8, 'model__min_child_weight': 3, 'model__subsample': np.float64(0.9472353513330575)}",0.8628287091612066,0.8336799607006833,0.8345949231083905,0.8218194059044177,0.8938439797747918,0.8493533957298979,0.026009943545391323,19
12.161282014846801,1.248116145942058,0.3558986663818359,0.09523927203122343,0.3534038682642421,0.11062471697702785,6,5,0.8948393532511614,"{'model__colsample_bytree': np.float64(0.3534038682642421), 'model__learning_rate': np.float64(0.11062471697702785), 'model__max_depth': 6, 'model__min_child_weight': 5, 'model__subsample': np.float64(0.8948393532511614)}",0.8650343834273526,0.8203575083657592,0.8329269728453137,0.8373040770654359,0.8889965934240697,0.8489239070255863,0.02478842120404614,20
14.21402440071106,1.1665003713915638,0.304829740524292,0.05473501929187062,0.5176242975692414,0.25264792786199247,7,8,0.9976876935197695,"{'model__colsample_bytree': np.float64(0.5176242975692414), 'model__learning_rate': np.float64(0.25264792786199247), 'model__max_depth': 7, 'model__min_child_weight': 8, 'model__subsample': np.float64(0.9976876935197695)}",0.8576057946959871,0.8346697530951781,0.8349076364967875,0.8238696141233534,0.8935539785989447,0.8489213554020502,0.024877993352558657,21
12.540924549102783,1.5539249041367795,0.2940070629119873,0.026897254183685132,0.5048843073840137,0.2909869797723833,7,7,0.8293741080140505,"{'model__colsample_bytree': np.float64(0.5048843073840137), 'model__learning_rate': np.float64(0.2909869797723833), 'model__max_depth': 7, 'model__min_child_weight': 7, 'model__subsample': np.float64(0.8293741080140505)}",0.8576005238084315,0.8185067836628237,0.8456554859941815,0.8211064499132149,0.9014250802452599,0.8488588647247823,0.03013745379303542,22
19.744419050216674,0.1583480574276678,0.4096548080444336,0.017955462109337725,0.6008564262837146,0.22852418594693447,7,6,0.8845205153148885,"{'model__colsample_bytree': np.float64(0.6008564262837146), 'model__learning_rate': np.float64(0.22852418594693447), 'model__max_depth': 7, 'model__min_child_weight': 6, 'model__subsample': np.float64(0.8845205153148885)}",0.8470964383540024,0.8249567494540074,0.8487463910269311,0.8244761779840298,0.8988421999817369,0.8488235913601416,0.027082366611941636,23
10.488881587982178,1.284078780186716,0.2645425319671631,0.03613926888464881,0.41459070377160356,0.25161761631299134,3,8,0.9601350558331989,"{'model__colsample_bytree': np.float64(0.41459070377160356), 'model__learning_rate': np.float64(0.25161761631299134), 'model__max_depth': 3, 'model__min_child_weight': 8, 'model__subsample': np.float64(0.9601350558331989)}",0.868589977849992,0.797622508185697,0.8499947906565111,0.8306121996051695,0.8969980946427036,0.8487635141880148,0.033663191086811546,24
32.22670211791992,0.5999868759483467,0.5357976913452148,0.35854332757214286,0.3239264343233329,0.09577380053468174,4,7,0.9178729751269854,"{'model__colsample_bytree': np.float64(0.3239264343233329), 'model__learning_rate': np.float64(0.09577380053468174), 'model__max_depth': 4, 'model__min_child_weight': 7, 'model__subsample': np.float64(0.9178729751269854)}",0.8753696593205549,0.8181207205239319,0.8200743769661212,0.8371604716603752,0.8917250253426365,0.8484900507627238,0.02983247385736566,25
8.689937448501587,2.312926061052923,0.2774022102355957,0.06803971094542183,0.9481944430754279,0.09185309722680429,7,9,0.8815017822514766,"{'model__colsample_bytree': np.float64(0.9481944430754279), 'model__learning_rate': np.float64(0.09185309722680429), 'model__max_depth': 7, 'model__min_child_weight': 9, 'model__subsample': np.float64(0.8815017822514766)}",0.8697651865887133,0.8200756287587703,0.8240401833655391,0.8392872640820138,0.8881022714621146,0.8482541068514303,0.026500368909713284,26
33.13972878456116,1.2245823807424692,0.6167590618133545,0.38550992907130344,0.44499897901330177,0.11430570351995749,6,5,0.9325988836834559,"{'model__colsample_bytree': np.float64(0.44499897901330177), 'model__learning_rate': np.float64(0.11430570351995749), 'model__max_depth': 6, 'model__min_child_weight': 5, 'model__subsample': np.float64(0.9325988836834559)}",0.876643343092751,0.8060898101196071,0.8272482268253717,0.8346707689702263,0.8960181847788034,0.8481340667573519,0.0331386958374952,27
16.750331449508668,1.1858263902585693,0.3575639247894287,0.016062539388546317,0.758660963651308,0.18526938233718984,4,4,0.9793600105713129,"{'model__colsample_bytree': np.float64(0.758660963651308), 'model__learning_rate': np.float64(0.18526938233718984), 'model__max_depth': 4, 'model__min_child_weight': 4, 'model__subsample': np.float64(0.9793600105713129)}",0.8647153014438067,0.827077341790403,0.8347928304825775,0.8244729915487495,0.888107418042576,0.8478331766616225,0.024712645403318925,28
12.571277952194214,1.558068043731775,0.3514617919921875,0.034212056221694896,0.2719172871290194,0.15857777279643692,7,7,0.9993365650884161,"{'model__colsample_bytree': np.float64(0.2719172871290194), 'model__learning_rate': np.float64(0.15857777279643692), 'model__max_depth': 7, 'model__min_child_weight': 7, 'model__subsample': np.float64(0.9993365650884161)}",0.8709128177487523,0.7980397413417237,0.8323833261462623,0.8366613318527714,0.8999757722738023,0.8475945978726624,0.034911687753617145,29
30.53987259864807,0.9657543501205755,1.09385986328125,0.3153827257481287,0.568148151649694,0.059738591558135413,5,5,0.9843881838766283,"{'model__colsample_bytree': np.float64(0.568148151649694), 'model__learning_rate': np.float64(0.059738591558135413), 'model__max_depth': 5, 'model__min_child_weight': 5, 'model__subsample': np.float64(0.9843881838766283)}",0.8793262435813038,0.8143393866841245,0.8131860803806609,0.8342654327167683,0.8967823535856878,0.847579899389709,0.0343332298573284,30
12.23254952430725,1.3706148294168599,0.302033805847168,0.03227896142925013,0.3479251904940775,0.28205196027824975,9,7,0.9287379013556107,"{'model__colsample_bytree': np.float64(0.3479251904940775), 'model__learning_rate': np.float64(0.28205196027824975), 'model__max_depth': 9, 'model__min_child_weight': 7, 'model__subsample': np.float64(0.9287379013556107)}",0.8739923254839307,0.815059145391755,0.8407235462409413,0.820973184258696,0.8869227872261862,0.8475341977203019,0.02848857645247426,31
26.95961728096008,2.097292134817025,2.274784708023071,2.43728614976204,0.7998348330614062,0.18762805371387883,3,4,0.853182634222695,"{'model__colsample_bytree': np.float64(0.7998348330614062), 'model__learning_rate': np.float64(0.18762805371387883), 'model__max_depth': 3, 'model__min_child_weight': 4, 'model__subsample': np.float64(0.853182634222695)}",0.8600567052619336,0.8187280368366028,0.8296561846798788,0.8265488257010882,0.9010741717928227,0.8472127848544652,0.030373111732519883,32
36.01765327453613,0.6351331584147412,0.7094108581542968,0.611965515541588,0.20571084303722947,0.2133548637067267,5,9,0.8860786022414113,"{'model__colsample_bytree': np.float64(0.20571084303722947), 'model__learning_rate': np.float64(0.2133548637067267), 'model__max_depth': 5, 'model__min_child_weight': 9, 'model__subsample': np.float64(0.8860786022414113)}",0.865866391323334,0.802773838388662,0.8335416639471821,0.8469745896985055,0.885621023227895,0.8469555013171156,0.028229754097182903,33
10.9259774684906,2.9559871096856662,0.511607551574707,0.17153195958357012,0.3967780692717755,0.05014995168807075,8,5,0.9953862204151879,"{'model__colsample_bytree': np.float64(0.3967780692717755), 'model__learning_rate': np.float64(0.05014995168807075), 'model__max_depth': 8, 'model__min_child_weight': 5, 'model__subsample': np.float64(0.9953862204151879)}",0.8787999257013159,0.8205203857204668,0.8076977285192873,0.8357011197820295,0.891434950898914,0.8468308221244026,0.032738540713803034,34
12.143726634979249,1.5179622226898493,0.3715782642364502,0.05350657124588554,0.5613329478128307,0.14268067646952068,7,6,0.8784585349185418,"{'model__colsample_bytree': np.float64(0.5613329478128307), 'model__learning_rate': np.float64(0.14268067646952068), 'model__max_depth': 7, 'model__min_child_weight': 6, 'model__subsample': np.float64(0.8784585349185418)}",0.8496426205173552,0.816958726433144,0.8384257483394972,0.8296989524087482,0.8983853936255934,0.8466222882648676,0.028007323853923325,35
19.415346145629883,0.057390546183844204,0.3735069274902344,0.04646615598982284,0.562485820440733,0.25143763686544635,5,5,0.8410481331959535,"{'model__colsample_bytree': np.float64(0.562485820440733), 'model__learning_rate': np.float64(0.25143763686544635), 'model__max_depth': 5, 'model__min_child_weight': 5, 'model__subsample': np.float64(0.8410481331959535)}",0.8538242204013899,0.8134648502248608,0.8424152122737252,0.8250531445924644,0.898265714608087,0.8466046284201054,0.029330028626474016,36
12.350754880905152,2.128182952201884,0.2325739860534668,0.061693556917439434,0.32770957933144795,0.24643209242349853,6,7,0.8277946712707274,"{'model__colsample_bytree': np.float64(0.32770957933144795), 'model__learning_rate': np.float64(0.24643209242349853), 'model__max_depth': 6, 'model__min_child_weight': 7, 'model__subsample': np.float64(0.8277946712707274)}",0.8638961038639056,0.8217797236176443,0.845423852626064,0.8132517481135512,0.8881781068063235,0.8465059070054977,0.02741308174297359,37
28.448346853256226,1.144766153799083,1.2843668937683106,0.15075838708809544,0.7752971374792761,0.08087369452453805,5,8,0.9647713106495341,"{'model__colsample_bytree': np.float64(0.7752971374792761), 'model__learning_rate': np.float64(0.08087369452453805), 'model__max_depth': 5, 'model__min_child_weight': 8, 'model__subsample': np.float64(0.9647713106495341)}",0.8694827511664063,0.8086667696989231,0.8207122409185265,0.8356825179495876,0.8949325845314836,0.8458953728529854,0.031891923670456616,38
12.658103275299073,2.156556249637955,0.3700294494628906,0.13578669289667683,0.9182588736928707,0.2334181623765834,6,8,0.8507189538669019,"{'model__colsample_bytree': np.float64(0.9182588736928707), 'model__learning_rate': np.float64(0.2334181623765834), 'model__max_depth': 6, 'model__min_child_weight': 8, 'model__subsample': np.float64(0.8507189538669019)}",0.8585267543164042,0.8239795281941346,0.8368969176335141,0.8158248529168233,0.8935092312579476,0.8457474568637648,0.02789994454066777,39
21.472381925582887,0.3401800056118117,0.29675445556640623,0.005115074493330759,0.21987196450746138,0.24880410177598972,3,8,0.8930340366052991,"{'model__colsample_bytree': np.float64(0.21987196450746138), 'model__learning_rate': np.float64(0.24880410177598972), 'model__max_depth': 3, 'model__min_child_weight': 8, 'model__subsample': np.float64(0.8930340366052991)}",0.8693531857634897,0.8087356156923655,0.8221557110463216,0.8445942705707984,0.8834837974793563,0.8456645161104663,0.027960701494556563,40
23.010968065261842,1.8688460956343012,0.9552185535430908,0.07999571462832203,0.4374054679397753,0.043267836322577136,6,1,0.8698089430267595,"{'model__colsample_bytree': np.float64(0.4374054679397753), 'model__learning_rate': np.float64(0.043267836322577136), 'model__max_depth': 6, 'model__min_child_weight': 1, 'model__subsample': np.float64(0.8698089430267595)}",0.8644782195409506,0.8230242521802682,0.820235938391255,0.8357442271073507,0.8846933498169901,0.8456351974073628,0.025039198265464822,41
12.772136640548705,0.39995149468322405,0.38204154968261717,0.016658074784655114,0.5446689546209718,0.09862990796115462,6,5,0.9534097297918276,"{'model__colsample_bytree': np.float64(0.5446689546209718), 'model__learning_rate': np.float64(0.09862990796115462), 'model__max_depth': 6, 'model__min_child_weight': 5, 'model__subsample': np.float64(0.9534097297918276)}",0.8596709478163382,0.8100939961595888,0.8265578407535171,0.8298229025430105,0.9020125988381681,0.8456316572221245,0.03241161770377619,42
23.156517457962035,7.772113525911825,1.256972360610962,0.752215426308624,0.9951275979524183,0.3064217487998788,4,9,0.997873887001109,"{'model__colsample_bytree': np.float64(0.9951275979524183), 'model__learning_rate': np.float64(0.3064217487998788), 'model__max_depth': 4, 'model__min_child_weight': 9, 'model__subsample': np.float64(0.997873887001109)}",0.8611202395252968,0.7972620922457446,0.8486659634178051,0.8262050918593994,0.8949024648121063,0.8456311703720705,0.03284424434518673,43
28.901244735717775,0.9658377887153452,4.653247117996216,2.425143641526263,0.8859220504862366,0.1449749074290719,4,9,0.9178153732412474,"{'model__colsample_bytree': np.float64(0.8859220504862366), 'model__learning_rate': np.float64(0.1449749074290719), 'model__max_depth': 4, 'model__min_child_weight': 9, 'model__subsample': np.float64(0.9178153732412474)}",0.8705338400826186,0.7962392496810362,0.8273587921781491,0.8352197046553209,0.8973458445906233,0.8453394862375496,0.035145313607518734,44
28.67722358703613,6.002762929679466,0.4022552490234375,0.008436416825515622,0.9972163758950534,0.228669149491502,9,5,0.945097375830407,"{'model__colsample_bytree': np.float64(0.9972163758950534), 'model__learning_rate': np.float64(0.228669149491502), 'model__max_depth': 9, 'model__min_child_weight': 5, 'model__subsample': np.float64(0.945097375830407)}",0.8445758800693494,0.8237640960435396,0.8375409429827947,0.8210336942335379,0.897885120240742,0.8449599467139928,0.027849570049787824,45
25.723769903182983,1.3545166613128539,0.728914213180542,0.5512280903690769,0.9742479054149804,0.10607588742978583,3,8,0.9556173556153434,"{'model__colsample_bytree': np.float64(0.9742479054149804), 'model__learning_rate': np.float64(0.10607588742978583), 'model__max_depth': 3, 'model__min_child_weight': 8, 'model__subsample': np.float64(0.9556173556153434)}",0.8671881916630771,0.8069987520479923,0.8293869083034349,0.8372673278386716,0.8832818631162477,0.8448246085938849,0.027222493563932665,46
30.106296920776366,2.3142891395379057,0.7201557636260987,0.2242548806906536,0.2679546647265638,0.12274324390536599,3,1,0.8137666997066585,"{'model__colsample_bytree': np.float64(0.2679546647265638), 'model__learning_rate': np.float64(0.12274324390536599), 'model__max_depth': 3, 'model__min_child_weight': 1, 'model__subsample': np.float64(0.8137666997066585)}",0.8519108319306475,0.8164456403168106,0.8232049885263214,0.8372946617085777,0.894945292507243,0.8447602829979199,0.02789892736519554,47
19.412672662734984,4.275282036501264,0.5860995292663574,0.3262087913544196,0.792160654574096,0.04183000126783413,7,6,0.9375635679838695,"{'model__colsample_bytree': np.float64(0.792160654574096), 'model__learning_rate': np.float64(0.04183000126783413), 'model__max_depth': 7, 'model__min_child_weight': 6, 'model__subsample': np.float64(0.9375635679838695)}",0.8707110261075487,0.8059484069955605,0.8175924059526783,0.8383178138367495,0.8902043093057238,0.8445547924396521,0.031699684963794675,48
32.82979550361633,0.7124124164716253,0.5904703140258789,0.2951781110008701,0.6089513232233215,0.291150327661254,9,7,0.8835837812483919,"{'model__colsample_bytree': np.float64(0.6089513232233215), 'model__learning_rate': np.float64(0.291150327661254), 'model__max_depth': 9, 'model__min_child_weight': 7, 'model__subsample': np.float64(0.8835837812483919)}",0.8618752075363809,0.8069257351033197,0.8414390116146037,0.822197160287496,0.8895746583172779,0.8444023545718157,0.029162258752937886,49
24.030652809143067,3.9457055082637207,0.5425999164581299,0.5090693988089783,0.9032057143653582,0.15328405247296176,3,8,0.9326220697195191,"{'model__colsample_bytree': np.float64(0.9032057143653582), 'model__learning_rate': np.float64(0.15328405247296176), 'model__max_depth': 3, 'model__min_child_weight': 8, 'model__subsample': np.float64(0.9326220697195191)}",0.8646612800930746,0.8005388337216603,0.8307707507907756,0.8315904463424311,0.8935683412542582,0.8442259304404398,0.03194225025841738,50
20.202516651153566,5.7004718750370085,0.7241019248962403,0.7549465985014089,0.21253307487166284,0.24598287252078252,5,6,0.9355138235835238,"{'model__colsample_bytree': np.float64(0.21253307487166284), 'model__learning_rate': np.float64(0.24598287252078252), 'model__max_depth': 5, 'model__min_child_weight': 6, 'model__subsample': np.float64(0.9355138235835238)}",0.8728076758613628,0.8046316663628038,0.8261547891282253,0.8339464224358549,0.8826110030070855,0.8440303113590664,0.02929190609748723,51
14.402570343017578,0.2769221658373884,0.2784074306488037,0.002736135825973018,0.32714369696108503,0.1414494729681006,3,6,0.8313660294600124,"{'model__colsample_bytree': np.float64(0.32714369696108503), 'model__learning_rate': np.float64(0.1414494729681006), 'model__max_depth': 3, 'model__min_child_weight': 6, 'model__subsample': np.float64(0.8313660294600124)}",0.8716055875923727,0.7949898311124097,0.8218605748020104,0.8363305574200454,0.894491207911841,0.8438555517677357,0.03539010417682496,52
9.770185232162476,1.3138652788103358,0.17270331382751464,0.006822243410741033,0.46385550148032184,0.2626187768426792,3,7,0.8312297382531065,"{'model__colsample_bytree': np.float64(0.46385550148032184), 'model__learning_rate': np.float64(0.2626187768426792), 'model__max_depth': 3, 'model__min_child_weight': 7, 'model__subsample': np.float64(0.8312297382531065)}",0.8599413462849319,0.7927966536762748,0.8402220390187319,0.8341560768905141,0.8919919176231301,0.8438216066987166,0.03252737322250446,53
35.56494226455688,1.224490064848693,1.0313558101654052,0.45485379000818466,0.733505748846591,0.20765090452168644,3,6,0.9838386744996834,"{'model__colsample_bytree': np.float64(0.733505748846591), 'model__learning_rate': np.float64(0.20765090452168644), 'model__max_depth': 3, 'model__min_child_weight': 6, 'model__subsample': np.float64(0.9838386744996834)}",0.8585244804795805,0.793800294836058,0.8335119128889649,0.829868462820249,0.9000445984583362,0.8431499498966378,0.0351512598252887,54
26.25429697036743,0.10829684306734887,0.3640747547149658,0.03414581867018467,0.5446310179754228,0.23832161990217837,6,5,0.8554153510371583,"{'model__colsample_bytree': np.float64(0.5446310179754228), 'model__learning_rate': np.float64(0.23832161990217837), 'model__max_depth': 6, 'model__min_child_weight': 5, 'model__subsample': np.float64(0.8554153510371583)}",0.8539611461271794,0.8177290205859012,0.8250145723816169,0.8305967579496539,0.8839592764938948,0.8422521547076492,0.024128618331523355,55
14.733179426193237,0.41059171892162266,0.2360826015472412,0.02109932898769247,0.8046484990873313,0.08195331605525798,3,2,0.8645325904480389,"{'model__colsample_bytree': np.float64(0.8046484990873313), 'model__learning_rate': np.float64(0.08195331605525798), 'model__max_depth': 3, 'model__min_child_weight': 2, 'model__subsample': np.float64(0.8645325904480389)}",0.8421340074623569,0.8146573378906768,0.8122483754376808,0.8496590090417728,0.8912726714476651,0.8419942802560305,0.02870280369871881,56
16.253968715667725,1.9292855959876374,0.5298247337341309,0.12452366438165366,0.8460214019891195,0.12150625048078012,3,4,0.9335923100091299,"{'model__colsample_bytree': np.float64(0.8460214019891195), 'model__learning_rate': np.float64(0.12150625048078012), 'model__max_depth': 3, 'model__min_child_weight': 4, 'model__subsample': np.float64(0.9335923100091299)}",0.8452999261606181,0.7970699474115376,0.8287438344482585,0.8359912768910869,0.9003605533194795,0.8414931076461961,0.033603866745558854,57
29.598745012283324,0.7841555264634729,0.6241707324981689,0.4226896424693473,0.674266766170193,0.173774705478789,2,6,0.8316037471123426,"{'model__colsample_bytree': np.float64(0.674266766170193), 'model__learning_rate': np.float64(0.173774705478789), 'model__max_depth': 2, 'model__min_child_weight': 6, 'model__subsample': np.float64(0.8316037471123426)}",0.8496403114097058,0.8263585847012428,0.8133418712421152,0.8380300991028462,0.8781547778011766,0.8411051288514173,0.0221053870086539,58
23.965296363830568,0.3696575970297786,0.331666088104248,0.09291163149842409,0.5756650797254228,0.2777913707963363,3,9,0.8308662030468216,"{'model__colsample_bytree': np.float64(0.5756650797254228), 'model__learning_rate': np.float64(0.2777913707963363), 'model__max_depth': 3, 'model__min_child_weight': 9, 'model__subsample': np.float64(0.8308662030468216)}",0.861048271181305,0.789572724399268,0.8407784944859841,0.8223286325512438,0.8906837979169615,0.8408823841069524,0.034245517920259254,59
12.073531246185302,1.0260057607016664,0.28597731590270997,0.07435411288361439,0.3552715700827922,0.3009776896863266,2,5,0.84549299337849,"{'model__colsample_bytree': np.float64(0.3552715700827922), 'model__learning_rate': np.float64(0.3009776896863266), 'model__max_depth': 2, 'model__min_child_weight': 5, 'model__subsample': np.float64(0.84549299337849)}",0.8504450787372635,0.8168661127573403,0.8194333063828432,0.8326251087243282,0.8850116618321203,0.8408762536867791,0.025075346118149173,60
34.3007372379303,1.7976924622148323,1.5524875164031982,0.39491646808192704,0.24444271318840352,0.11570122570956315,4,9,0.9993787847559374,"{'model__colsample_bytree': np.float64(0.24444271318840352), 'model__learning_rate': np.float64(0.11570122570956315), 'model__max_depth': 4, 'model__min_child_weight': 9, 'model__subsample': np.float64(0.9993787847559374)}",0.8687163665437208,0.8016503717510841,0.8101590719950423,0.8378928462632644,0.8834764204454674,0.8403790153997159,0.03187389416671776,61
12.530048036575318,1.030645551292326,0.2983357906341553,0.04946008981706445,0.7165229062610137,0.22771407867971208,4,5,0.8397956231378096,"{'model__colsample_bytree': np.float64(0.7165229062610137), 'model__learning_rate': np.float64(0.22771407867971208), 'model__max_depth': 4, 'model__min_child_weight': 5, 'model__subsample': np.float64(0.8397956231378096)}",0.8359671653725899,0.8132207002882457,0.843482738480725,0.8183975871935404,0.8904936436222727,0.8403123669914747,0.027427389723180293,62
15.522549962997436,0.16431835322658397,0.5009718418121338,0.057493375651461176,0.4222700939939843,0.02616179894384174,9,1,0.8971884259457871,"{'model__colsample_bytree': np.float64(0.4222700939939843), 'model__learning_rate': np.float64(0.02616179894384174), 'model__max_depth': 9, 'model__min_child_weight': 1, 'model__subsample': np.float64(0.8971884259457871)}",0.8574068761573977,0.8028496089932169,0.812014601016629,0.8439448245610881,0.8846299473844121,0.8401691716225488,0.029911817714535823,63
26.623171949386595,0.16704338127546214,0.4662821292877197,0.03191509948166589,0.5605465107320159,0.296385635449933,8,6,0.9680279746318452,"{'model__colsample_bytree': np.float64(0.5605465107320159), 'model__learning_rate': np.float64(0.296385635449933), 'model__max_depth': 8, 'model__min_child_weight': 6, 'model__subsample': np.float64(0.9680279746318452)}",0.8443630314412104,0.8057489686409316,0.8327838507635467,0.8329826758389143,0.8837016188840653,0.8399160291137336,0.02531118755902532,64
21.30341501235962,2.120711323599291,0.3341786861419678,0.04577767424828396,0.9534306864344264,0.061019920616287505,5,4,0.9191194377686174,"{'model__colsample_bytree': np.float64(0.9534306864344264), 'model__learning_rate': np.float64(0.061019920616287505), 'model__max_depth': 5, 'model__min_child_weight': 4, 'model__subsample': np.float64(0.9191194377686174)}",0.8664599589756505,0.7885218580687412,0.813071205952627,0.8347647704677978,0.8898743582263845,0.8385384303382402,0.03627524440138605,65
25.954565238952636,0.8119900636841888,2.0164491653442385,0.38937801202080596,0.7050405366419037,0.03708943112420308,9,7,0.9427340085792298,"{'model__colsample_bytree': np.float64(0.7050405366419037), 'model__learning_rate': np.float64(0.03708943112420308), 'model__max_depth': 9, 'model__min_child_weight': 7, 'model__subsample': np.float64(0.9427340085792298)}",0.8658901889430126,0.7990762677410695,0.8013427612329773,0.8378117670366786,0.8865360103226047,0.8381313990552686,0.034618972045368984,66
16.284025764465333,0.8545768401613508,0.42142133712768554,0.17316967496154903,0.6763422241699006,0.16228559573717363,2,5,0.960571683525998,"{'model__colsample_bytree': np.float64(0.6763422241699006), 'model__learning_rate': np.float64(0.16228559573717363), 'model__max_depth': 2, 'model__min_child_weight': 5, 'model__subsample': np.float64(0.960571683525998)}",0.8523727251441474,0.8039298033666561,0.8064227989486068,0.838279536472762,0.8870945256252114,0.8376198779114767,0.030900165941098956,67
28.49225273132324,2.299817397783453,0.3211954116821289,0.01654130453885425,0.4004575664333315,0.04148579637291631,4,2,0.9263059261351942,"{'model__colsample_bytree': np.float64(0.4004575664333315), 'model__learning_rate': np.float64(0.04148579637291631), 'model__max_depth': 4, 'model__min_child_weight': 2, 'model__subsample': np.float64(0.9263059261351942)}",0.8620100548508812,0.7984615658030021,0.7942675469597568,0.846993436311201,0.8854674406938712,0.8374400089237424,0.03573449267666215,68
34.27246994972229,2.358482772816303,0.38396315574645995,0.014277499892529548,0.2376427327212467,0.1172944702827175,6,9,0.8559555368585894,"{'model__colsample_bytree': np.float64(0.2376427327212467), 'model__learning_rate': np.float64(0.1172944702827175), 'model__max_depth': 6, 'model__min_child_weight': 9, 'model__subsample': np.float64(0.8559555368585894)}",0.8612313392213637,0.776561405672361,0.8151277564968887,0.8431407992584378,0.8889635260258107,0.8370049653349723,0.03861681978080509,69
15.745980548858643,0.9253359713334814,0.4819313049316406,0.06051597237208985,0.24711218857080447,0.11741902622727757,8,1,0.8731513304578457,"{'model__colsample_bytree': np.float64(0.24711218857080447), 'model__learning_rate': np.float64(0.11741902622727757), 'model__max_depth': 8, 'model__min_child_weight': 1, 'model__subsample': np.float64(0.8731513304578457)}",0.8504812932900705,0.8404731946310194,0.803088631199144,0.8290146310966386,0.8603659988220828,0.836684749807791,0.01976374654625695,70
29.895406103134157,1.342942023246668,0.7087650299072266,0.665055126829246,0.2101494116790466,0.16845172554454899,8,9,0.9633969922514048,"{'model__colsample_bytree': np.float64(0.2101494116790466), 'model__learning_rate': np.float64(0.16845172554454899), 'model__max_depth': 8, 'model__min_child_weight': 9, 'model__subsample': np.float64(0.9633969922514048)}",0.8694686725085468,0.7745506351292204,0.8180087115492212,0.836711481341442,0.8822502140160304,0.836197942908892,0.038364711748891375,71
39.851428270339966,0.5754984656974266,1.4687160015106202,0.5715023295822484,0.9310784812441741,0.2848038104954343,9,5,0.8994923409557727,"{'model__colsample_bytree': np.float64(0.9310784812441741), 'model__learning_rate': np.float64(0.2848038104954343), 'model__max_depth': 9, 'model__min_child_weight': 5, 'model__subsample': np.float64(0.8994923409557727)}",0.8673765798169281,0.7947490115481214,0.8192750881646592,0.8126586742909198,0.8833869980681835,0.8354892703777624,0.033926088289696024,72
14.152490234375,0.4009615753718911,0.40618033409118653,0.02449256786041163,0.2352881401610819,0.06621697500186233,7,7,0.9546029111881512,"{'model__colsample_bytree': np.float64(0.2352881401610819), 'model__learning_rate': np.float64(0.06621697500186233), 'model__max_depth': 7, 'model__min_child_weight': 7, 'model__subsample': np.float64(0.9546029111881512)}",0.8631840748756154,0.8146765048335274,0.7980869192300809,0.8343407887872093,0.8668083159041453,0.8354193207261158,0.026762983522121468,73
27.864940404891968,0.3479945195071282,0.5123828887939453,0.1499306397254017,0.6597469369804936,0.02781554334034119,7,4,0.9960916335774458,"{'model__colsample_bytree': np.float64(0.6597469369804936), 'model__learning_rate': np.float64(0.02781554334034119), 'model__max_depth': 7, 'model__min_child_weight': 4, 'model__subsample': np.float64(0.9960916335774458)}",0.8620617672690415,0.7967672991207864,0.7927239219317477,0.8338529857535281,0.8858195981039185,0.8342451144358044,0.03622828556011561,74
24.659146070480347,2.3541467854630667,0.27241225242614747,0.009375673912564907,0.2264357119652208,0.08510681669754068,3,5,0.9521895710584466,"{'model__colsample_bytree': np.float64(0.2264357119652208), 'model__learning_rate': np.float64(0.08510681669754068), 'model__max_depth': 3, 'model__min_child_weight': 5, 'model__subsample': np.float64(0.9521895710584466)}",0.8569287696632653,0.8006683518500245,0.786916421501943,0.8425054280803108,0.8818023773828696,0.8337642696956825,0.03524407001822943,75
22.40038957595825,0.65858533534166,0.2231830596923828,0.009825875815517368,0.2527472536593021,0.23741948225905832,2,9,0.9185399746240442,"{'model__colsample_bytree': np.float64(0.2527472536593021), 'model__learning_rate': np.float64(0.23741948225905832), 'model__max_depth': 2, 'model__min_child_weight': 9, 'model__subsample': np.float64(0.9185399746240442)}",0.8630221092342538,0.7718618369685825,0.8157196257443731,0.8390786549869557,0.8776766261470684,0.8334717706162467,0.03733537595607625,76
19.229019832611083,1.3837288715344125,0.22078986167907716,0.00680166839487637,0.7280100286829634,0.09046763529387547,2,1,0.8229415835696816,"{'model__colsample_bytree': np.float64(0.7280100286829634), 'model__learning_rate': np.float64(0.09046763529387547), 'model__max_depth': 2, 'model__min_child_weight': 1, 'model__subsample': np.float64(0.8229415835696816)}",0.835911794715812,0.8072971676282708,0.8028684918083414,0.8392720276952735,0.8764284068381311,0.8323555777371657,0.02645868620300168,77
16.257016754150392,0.0887131518001499,0.3467397212982178,0.008676747467444434,0.28722577891903556,0.27694170253146716,4,5,0.8621291965357682,"{'model__colsample_bytree': np.float64(0.28722577891903556), 'model__learning_rate': np.float64(0.27694170253146716), 'model__max_depth': 4, 'model__min_child_weight': 5, 'model__subsample': np.float64(0.8621291965357682)}",0.8523705233628682,0.7991243300072247,0.8040604569469223,0.8227575302303557,0.8752419039835923,0.8307109489061926,0.029063252431627738,78
23.873464012145995,1.41854699480701,1.0333484172821046,0.553658915784871,0.4934864628964716,0.017868344006877104,6,2,0.8712550389569995,"{'model__colsample_bytree': np.float64(0.4934864628964716), 'model__learning_rate': np.float64(0.017868344006877104), 'model__max_depth': 6, 'model__min_child_weight': 2, 'model__subsample': np.float64(0.8712550389569995)}",0.8621687054376429,0.7871061762184418,0.7766241122843529,0.8440184928230191,0.8787135571853306,0.8297262087897576,0.04072553278746407,79
26.702933883666994,0.10781589802577873,0.3758814811706543,0.033446978542020805,0.7879161208969072,0.019793498366235653,5,6,0.9056617602095376,"{'model__colsample_bytree': np.float64(0.7879161208969072), 'model__learning_rate': np.float64(0.019793498366235653), 'model__max_depth': 5, 'model__min_child_weight': 6, 'model__subsample': np.float64(0.9056617602095376)}",0.8449053473524117,0.7867035705467494,0.7890560606127343,0.8314486011490962,0.8826932584237704,0.8269613676169524,0.036071229118097244,80
23.462702560424805,0.34644513914601427,0.4159205913543701,0.3928215575934825,0.815064314638114,0.07164402168987133,2,3,0.8547754174991635,"{'model__colsample_bytree': np.float64(0.815064314638114), 'model__learning_rate': np.float64(0.07164402168987133), 'model__max_depth': 2, 'model__min_child_weight': 3, 'model__subsample': np.float64(0.8547754174991635)}",0.8302329041157706,0.8126644006943508,0.785212413667449,0.8343476485821695,0.8672232432286888,0.8259361220576856,0.026938453935275893,81
12.86533718109131,3.922675507553285,0.4987629890441895,0.12050000788401884,0.4474340935110481,0.02006588745624638,8,6,0.936000666371464,"{'model__colsample_bytree': np.float64(0.4474340935110481), 'model__learning_rate': np.float64(0.02006588745624638), 'model__max_depth': 8, 'model__min_child_weight': 6, 'model__subsample': np.float64(0.936000666371464)}",0.835537284533679,0.7991982080677378,0.7869737885905862,0.8298351208753496,0.8761002405762879,0.8255289285287282,0.03116399762644107,82
32.23897151947021,1.0416308160450558,1.5152589797973632,0.9257016119176751,0.7289322881808973,0.23694858583739725,6,1,0.8625148536011512,"{'model__colsample_bytree': np.float64(0.7289322881808973), 'model__learning_rate': np.float64(0.23694858583739725), 'model__max_depth': 6, 'model__min_child_weight': 1, 'model__subsample': np.float64(0.8625148536011512)}",0.7947198968932231,0.8178891913160801,0.8244271725764144,0.8271311778085405,0.8455285437777394,0.8219391964743995,0.016412780464796953,83
9.402591276168824,0.7166140515505256,0.16558070182800294,0.029219822580174255,0.33370196097257177,0.05235249524633372,2,5,0.8222423147007717,"{'model__colsample_bytree': np.float64(0.33370196097257177), 'model__learning_rate': np.float64(0.05235249524633372), 'model__max_depth': 2, 'model__min_child_weight': 5, 'model__subsample': np.float64(0.8222423147007717)}",0.8422441815453537,0.787021902444859,0.7802946459824005,0.8265017534093274,0.868301859445136,0.8208728685654153,0.03325780087207476,84
31.244126558303833,1.4338823464353516,0.428345775604248,0.04443348039551456,0.8383820644550082,0.3039409625984235,7,5,0.9999278550957192,"{'model__colsample_bytree': np.float64(0.8383820644550082), 'model__learning_rate': np.float64(0.3039409625984235), 'model__max_depth': 7, 'model__min_child_weight': 5, 'model__subsample': np.float64(0.9999278550957192)}",0.840215533946352,0.7915347875226895,0.7830813787094592,0.8085796951077312,0.8744928752528324,0.8195808541078128,0.033707385341694374,85
11.342903518676758,1.2570057874020153,0.2791615962982178,0.038895631978912104,0.20266200777390658,0.25315827930439566,4,3,0.8949259920563679,"{'model__colsample_bytree': np.float64(0.20266200777390658), 'model__learning_rate': np.float64(0.25315827930439566), 'model__max_depth': 4, 'model__min_child_weight': 3, 'model__subsample': np.float64(0.8949259920563679)}",0.8454559428914075,0.8033516542895829,0.76905871491631,0.7993075393995637,0.8740463599722973,0.8182440422938322,0.03702420015068102,86
9.916457176208496,0.5386566213118839,0.23510189056396485,0.008146209903726383,0.4022273713714829,0.2504551713285091,3,2,0.9497925884894809,"{'model__colsample_bytree': np.float64(0.4022273713714829), 'model__learning_rate': np.float64(0.2504551713285091), 'model__max_depth': 3, 'model__min_child_weight': 2, 'model__subsample': np.float64(0.9497925884894809)}",0.8302735201340061,0.7756396126910194,0.810275430400519,0.8135889965551193,0.860762735904805,0.8181080591370937,0.02775882142495687,87
37.26666879653931,1.7813984419192983,1.3171080112457276,1.088632801955947,0.8287429425037982,0.19054331845509184,8,2,0.9900844839584554,"{'model__colsample_bytree': np.float64(0.8287429425037982), 'model__learning_rate': np.float64(0.19054331845509184), 'model__max_depth': 8, 'model__min_child_weight': 2, 'model__subsample': np.float64(0.9900844839584554)}",0.8165007635409908,0.7918723539855619,0.7628625697053929,0.8092279577933695,0.8874886493869754,0.8135904588824581,0.04131207733695534,88
15.990691804885865,2.350582697405939,0.3299387454986572,0.1090389663039739,0.43774057408785116,0.30294188901079305,3,5,0.9761171035970252,"{'model__colsample_bytree': np.float64(0.43774057408785116), 'model__learning_rate': np.float64(0.30294188901079305), 'model__max_depth': 3, 'model__min_child_weight': 5, 'model__subsample': np.float64(0.9761171035970252)}",0.8158653320347794,0.7492894302313262,0.8351308078396732,0.8084332673657746,0.8314806823787286,0.8080399039700564,0.030972237208699547,89
19.02294878959656,0.1918891303950719,0.2215115547180176,0.010112568671714707,0.31753337729000397,0.02779317741819589,2,1,0.8617364363246569,"{'model__colsample_bytree': np.float64(0.31753337729000397), 'model__learning_rate': np.float64(0.02779317741819589), 'model__max_depth': 2, 'model__min_child_weight': 1, 'model__subsample': np.float64(0.8617364363246569)}",0.8163944051349105,0.7662924992130334,0.7626569632206811,0.8135509718628018,0.8603729889220599,0.8038535656706973,0.03620428514098911,90
11.42749195098877,0.824143430267032,0.2918866634368896,0.11338242579485816,0.5114835054516177,0.21179736116539724,4,3,0.9888452050033022,"{'model__colsample_bytree': np.float64(0.5114835054516177), 'model__learning_rate': np.float64(0.21179736116539724), 'model__max_depth': 4, 'model__min_child_weight': 3, 'model__subsample': np.float64(0.9888452050033022)}",0.7907443253520392,0.8103811466045984,0.7708205275111181,0.7690337467918745,0.860345000796129,0.8002649494111518,0.033600459224917396,91
26.937919282913207,1.0246723326645395,0.42437567710876467,0.40477355189419073,0.8120223076922233,0.19574694553264788,2,2,0.84354862510515,"{'model__colsample_bytree': np.float64(0.8120223076922233), 'model__learning_rate': np.float64(0.19574694553264788), 'model__max_depth': 2, 'model__min_child_weight': 2, 'model__subsample': np.float64(0.84354862510515)}",0.8282064042220643,0.7677603848504603,0.7805689205491047,0.7497489333364387,0.8749396460146721,0.8002448577945479,0.0455046840263466,92
14.006736898422242,1.92630062623915,0.43746333122253417,0.049246626355657436,0.2212828835884957,0.24010477631339078,8,2,0.9224038824017237,"{'model__colsample_bytree': np.float64(0.2212828835884957), 'model__learning_rate': np.float64(0.24010477631339078), 'model__max_depth': 8, 'model__min_child_weight': 2, 'model__subsample': np.float64(0.9224038824017237)}",0.7773209510066156,0.7704352283599413,0.7548624406077019,0.8185420317849132,0.8646767282998215,0.7971674760117987,0.03978086077205813,93
35.02153515815735,1.1432967829075333,0.5224091053009033,0.11083861327666637,0.9280850145969151,0.17870952151244554,6,1,0.8628115539190503,"{'model__colsample_bytree': np.float64(0.9280850145969151), 'model__learning_rate': np.float64(0.17870952151244554), 'model__max_depth': 6, 'model__min_child_weight': 1, 'model__subsample': np.float64(0.8628115539190503)}",0.7478726355706952,0.7899150278872692,0.8417618171973756,0.779614322069737,0.819506397908871,0.7957340401267896,0.03245951791491533,94
9.024134063720703,0.8026986098858377,0.17164187431335448,0.029738822500533987,0.7507404264147441,0.01713188566110551,2,6,0.8219949814798617,"{'model__colsample_bytree': np.float64(0.7507404264147441), 'model__learning_rate': np.float64(0.01713188566110551), 'model__max_depth': 2, 'model__min_child_weight': 6, 'model__subsample': np.float64(0.8219949814798617)}",0.785279378497142,0.7802951206259532,0.7584493805240522,0.7924495643655128,0.8488390830919409,0.7930625054209203,0.030109978106167355,95
28.05257911682129,3.3047664868804496,2.009766960144043,0.8870968024984782,0.6555319326912386,0.28022244848305383,6,2,0.8475194980914565,"{'model__colsample_bytree': np.float64(0.6555319326912386), 'model__learning_rate': np.float64(0.28022244848305383), 'model__max_depth': 6, 'model__min_child_weight': 2, 'model__subsample': np.float64(0.8475194980914565)}",0.782171002861694,0.7962012921796829,0.7325897313262647,0.7850089932250688,0.8504686488332069,0.7892879336851835,0.03761521133328244,96
23.048708581924437,0.8795127640558316,0.4226094722747803,0.2737624198198661,0.8383864521944056,0.019815660804169133,2,2,0.8993862433345885,"{'model__colsample_bytree': np.float64(0.8383864521944056), 'model__learning_rate': np.float64(0.019815660804169133), 'model__max_depth': 2, 'model__min_child_weight': 2, 'model__subsample': np.float64(0.8993862433345885)}",0.7955908050210776,0.7690037571218215,0.7419881393812388,0.7847442314025734,0.8442176722975862,0.7871089210448594,0.033771661141117654,97
24.126138973236085,0.18097445217278801,0.4726410865783691,0.015795908729546736,0.20698595331403352,0.29738455597371166,9,3,0.9167923982444602,"{'model__colsample_bytree': np.float64(0.20698595331403352), 'model__learning_rate': np.float64(0.29738455597371166), 'model__max_depth': 9, 'model__min_child_weight': 3, 'model__subsample': np.float64(0.9167923982444602)}",0.8182074425130439,0.7324160576520974,0.7380221859989041,0.7794580995516535,0.8630696480088913,0.786234686744918,0.04938153619207772,98
24.642321825027466,4.789572075157805,0.34068727493286133,0.06965462354186858,0.7292403909004257,0.30746528303512816,9,1,0.9763647611929519,"{'model__colsample_bytree': np.float64(0.7292403909004257), 'model__learning_rate': np.float64(0.30746528303512816), 'model__max_depth': 9, 'model__min_child_weight': 1, 'model__subsample': np.float64(0.9763647611929519)}",0.731529378529635,0.79883855355911,0.7677226942819003,0.8092085117408161,0.8141770372271543,0.784295235067723,0.030932139570108118,99
39.83550939559937,6.824723561796599,0.9930994510650635,0.6510411860487183,0.7710635287395866,0.26067730747317547,5,1,0.9450562108902383,"{'model__colsample_bytree': np.float64(0.7710635287395866), 'model__learning_rate': np.float64(0.26067730747317547), 'model__max_depth': 5, 'model__min_child_weight': 1, 'model__subsample': np.float64(0.9450562108902383)}",0.7214470361457361,0.7741847935954778,0.7846833287124574,0.8126904175743694,0.8116124603011606,0.7809236072658403,0.03331049553833263,100
38.34134211540222,4.907943442407712,1.1457746982574464,0.7310563805143893,0.6579678421429409,0.24529050262853536,6,3,0.9769870324688361,"{'model__colsample_bytree': np.float64(0.6579678421429409), 'model__learning_rate': np.float64(0.24529050262853536), 'model__max_depth': 6, 'model__min_child_weight': 3, 'model__subsample': np.float64(0.9769870324688361)}",0.7836510844442538,0.7760733985770263,0.7141582031056147,0.7533557194069692,0.8644907145941032,0.7783458240255934,0.049393942715289074,101
20.493020868301393,0.14573879992248362,0.4394248008728027,0.01946379137515898,0.8658560181157884,0.3049336688069522,8,4,0.8507968193633965,"{'model__colsample_bytree': np.float64(0.8658560181157884), 'model__learning_rate': np.float64(0.3049336688069522), 'model__max_depth': 8, 'model__min_child_weight': 4, 'model__subsample': np.float64(0.8507968193633965)}",0.762437622159356,0.7612690004905908,0.6393726494857805,0.7560218467823845,0.8724025008092275,0.7583007239454678,0.07374851897056775,102
36.495865201950075,18.143849084102822,0.6940473079681396,0.4199284812238196,0.8092270112232536,0.27756966099252656,4,2,0.9573862801610263,"{'model__colsample_bytree': np.float64(0.8092270112232536), 'model__learning_rate': np.float64(0.27756966099252656), 'model__max_depth': 4, 'model__min_child_weight': 2, 'model__subsample': np.float64(0.9573862801610263)}",0.7810978289993071,0.8092960009848624,0.7379174497558183,0.7796179293299049,0.015626603986082545,0.6247111626111951,0.30539290147653514,103
41.63559226989746,2.6697108292711698,0.3612504005432129,0.23633681550596874,0.9043915523382995,0.294775968875562,7,3,0.9133998971461197,"{'model__colsample_bytree': np.float64(0.9043915523382995), 'model__learning_rate': np.float64(0.294775968875562), 'model__max_depth': 7, 'model__min_child_weight': 3, 'model__subsample': np.float64(0.9133998971461197)}",0.0008260639703938673,0.5008260639703939,0.0008370781566657855,0.0038237463073315455,0.0008370781566657855,0.10143000611229017,0.19970138731093867,104
